Year,Subject,Score,Frequency
2022,dia_li,0.0,21
2022,dia_li,0.25,3
2022,dia_li,0.5,3
2022,dia_li,0.75,7
2022,dia_li,1.0,4
2022,dia_li,1.25,10
2022,dia_li,1.5,36
2022,dia_li,1.75,75
2022,dia_li,2.0,135
2022,dia_li,2.25,210
2022,dia_li,2.5,405
2022,dia_li,2.75,610
2022,dia_li,3.0,867
2022,dia_li,3.25,1413
2022,dia_li,3.5,2194
2022,dia_li,3.75,3350
2022,dia_li,4.0,5062
2022,dia_li,4.25,7546
2022,dia_li,4.5,10907
2022,dia_li,4.75,15127
2022,dia_li,5.0,20364
2022,dia_li,5.25,26111
2022,dia_li,5.5,32256
2022,dia_li,5.75,38481
2022,dia_li,6.0,44464
2022,dia_li,6.25,48253
2022,dia_li,6.5,50888
2022,dia_li,6.75,52272
2022,dia_li,7.0,52448
2022,dia_li,7.25,49164
2022,dia_li,7.5,45213
2022,dia_li,7.75,39556
2022,dia_li,8.0,33014
2022,dia_li,8.25,26025
2022,dia_li,8.5,19697
2022,dia_li,8.75,13878
2022,dia_li,9.0,8784
2022,dia_li,9.25,5223
2022,dia_li,9.5,2394
2022,dia_li,9.75,788
2022,dia_li,10.0,163
2022,gdcd,0.0,25
2022,gdcd,1.0,3
2022,gdcd,1.25,4
2022,gdcd,1.5,8
2022,gdcd,1.75,23
2022,gdcd,2.0,31
2022,gdcd,2.25,36
2022,gdcd,2.5,61
2022,gdcd,2.75,90
2022,gdcd,3.0,153
2022,gdcd,3.25,227
2022,gdcd,3.5,270
2022,gdcd,3.75,395
2022,gdcd,4.0,613
2022,gdcd,4.25,830
2022,gdcd,4.5,1216
2022,gdcd,4.75,1736
2022,gdcd,5.0,2417
2022,gdcd,5.25,3237
2022,gdcd,5.5,4531
2022,gdcd,5.75,6331
2022,gdcd,6.0,8240
2022,gdcd,6.25,11174
2022,gdcd,6.5,14814
2022,gdcd,6.75,19062
2022,gdcd,7.0,24029
2022,gdcd,7.25,30504
2022,gdcd,7.5,37262
2022,gdcd,7.75,44159
2022,gdcd,8.0,50854
2022,gdcd,8.25,55320
2022,gdcd,8.5,57508
2022,gdcd,8.75,55193
2022,gdcd,9.0,48229
2022,gdcd,9.25,37779
2022,gdcd,9.5,23731
2022,gdcd,9.75,11412
2022,gdcd,10.0,2836
2022,hoa_hoc,0.0,9
2022,hoa_hoc,0.25,2
2022,hoa_hoc,0.5,1
2022,hoa_hoc,0.75,8
2022,hoa_hoc,1.0,20
2022,hoa_hoc,1.25,51
2022,hoa_hoc,1.5,125
2022,hoa_hoc,1.75,202
2022,hoa_hoc,2.0,460
2022,hoa_hoc,2.25,763
2022,hoa_hoc,2.5,1187
2022,hoa_hoc,2.75,1639
2022,hoa_hoc,3.0,2272
2022,hoa_hoc,3.25,3106
2022,hoa_hoc,3.5,3981
2022,hoa_hoc,3.75,5042
2022,hoa_hoc,4.0,6069
2022,hoa_hoc,4.25,7235
2022,hoa_hoc,4.5,8422
2022,hoa_hoc,4.75,9303
2022,hoa_hoc,5.0,10275
2022,hoa_hoc,5.25,11052
2022,hoa_hoc,5.5,12206
2022,hoa_hoc,5.75,12942
2022,hoa_hoc,6.0,13577
2022,hoa_hoc,6.25,14532
2022,hoa_hoc,6.5,15582
2022,hoa_hoc,6.75,16631
2022,hoa_hoc,7.0,17935
2022,hoa_hoc,7.25,19035
2022,hoa_hoc,7.5,20429
2022,hoa_hoc,7.75,22028
2022,hoa_hoc,8.0,22800
2022,hoa_hoc,8.25,21818
2022,hoa_hoc,8.5,18092
2022,hoa_hoc,8.75,12868
2022,hoa_hoc,9.0,8061
2022,hoa_hoc,9.25,4440
2022,hoa_hoc,9.5,2180
2022,hoa_hoc,9.75,829
2022,hoa_hoc,10.0,158
2022,lich_su,0.0,2
2022,lich_su,0.25,4
2022,lich_su,0.5,2
2022,lich_su,0.75,14
2022,lich_su,1.0,58
2022,lich_su,1.25,108
2022,lich_su,1.5,259
2022,lich_su,1.75,579
2022,lich_su,2.0,1154
2022,lich_su,2.25,1929
2022,lich_su,2.5,3235
2022,lich_su,2.75,4690
2022,lich_su,3.0,6456
2022,lich_su,3.25,8329
2022,lich_su,3.5,10685
2022,lich_su,3.75,12913
2022,lich_su,4.0,15610
2022,lich_su,4.25,17953
2022,lich_su,4.5,20593
2022,lich_su,4.75,22979
2022,lich_su,5.0,25896
2022,lich_su,5.25,28554
2022,lich_su,5.5,30961
2022,lich_su,5.75,33304
2022,lich_su,6.0,35161
2022,lich_su,6.25,36931
2022,lich_su,6.5,38602
2022,lich_su,6.75,38565
2022,lich_su,7.0,38718
2022,lich_su,7.25,37785
2022,lich_su,7.5,35358
2022,lich_su,7.75,32674
2022,lich_su,8.0,28576
2022,lich_su,8.25,24257
2022,lich_su,8.5,19968
2022,lich_su,8.75,15598
2022,lich_su,9.0,11742
2022,lich_su,9.25,8343
2022,lich_su,9.5,5572
2022,lich_su,9.75,3766
2022,lich_su,10.0,1779
2022,ngoai_ngu,0.0,8
2022,ngoai_ngu,0.4,4
2022,ngoai_ngu,0.6,23
2022,ngoai_ngu,0.8,112
2022,ngoai_ngu,1.0,271
2022,ngoai_ngu,1.2,679
2022,ngoai_ngu,1.4,1374
2022,ngoai_ngu,1.6,2928
2022,ngoai_ngu,1.8,5114
2022,ngoai_ngu,2.0,8278
2022,ngoai_ngu,2.2,12263
2022,ngoai_ngu,2.4,16824
2022,ngoai_ngu,2.6,21618
2022,ngoai_ngu,2.8,26131
2022,ngoai_ngu,3.0,30244
2022,ngoai_ngu,3.2,33381
2022,ngoai_ngu,3.4,35688
2022,ngoai_ngu,3.6,36953
2022,ngoai_ngu,3.8,38129
2022,ngoai_ngu,4.0,37943
2022,ngoai_ngu,4.2,36657
2022,ngoai_ngu,4.4,36018
2022,ngoai_ngu,4.6,34109
2022,ngoai_ngu,4.8,32649
2022,ngoai_ngu,5.0,30770
2022,ngoai_ngu,5.2,29151
2022,ngoai_ngu,5.4,27345
2022,ngoai_ngu,5.6,25539
2022,ngoai_ngu,5.8,23957
2022,ngoai_ngu,6.0,22510
2022,ngoai_ngu,6.2,21299
2022,ngoai_ngu,6.4,19849
2022,ngoai_ngu,6.6,19089
2022,ngoai_ngu,6.8,18156
2022,ngoai_ngu,7.0,17216
2022,ngoai_ngu,7.2,16405
2022,ngoai_ngu,7.4,15917
2022,ngoai_ngu,7.6,15477
2022,ngoai_ngu,7.8,15274
2022,ngoai_ngu,8.0,14852
2022,ngoai_ngu,8.2,14677
2022,ngoai_ngu,8.4,14363
2022,ngoai_ngu,8.6,13848
2022,ngoai_ngu,8.8,12832
2022,ngoai_ngu,9.0,11310
2022,ngoai_ngu,9.2,9288
2022,ngoai_ngu,9.4,6987
2022,ngoai_ngu,9.6,4395
2022,ngoai_ngu,9.8,2150
2022,ngoai_ngu,10.0,555
2022,ngu_van,0.0,38
2022,ngu_van,0.25,12
2022,ngu_van,0.5,51
2022,ngu_van,0.75,65
2022,ngu_van,1.0,28
2022,ngu_van,1.25,394
2022,ngu_van,1.33,1
2022,ngu_van,1.5,610
2022,ngu_van,1.75,694
2022,ngu_van,1.92,1
2022,ngu_van,2.0,1260
2022,ngu_van,2.08,1
2022,ngu_van,2.17,4
2022,ngu_van,2.25,1511
2022,ngu_van,2.33,5
2022,ngu_van,2.4,1
2022,ngu_van,2.42,2
2022,ngu_van,2.5,2252
2022,ngu_van,2.58,5
2022,ngu_van,2.6,1
2022,ngu_van,2.67,3
2022,ngu_van,2.71,1
2022,ngu_van,2.75,2901
2022,ngu_van,2.83,11
2022,ngu_van,2.91,1
2022,ngu_van,2.92,5
2022,ngu_van,3.0,4800
2022,ngu_van,3.08,4
2022,ngu_van,3.16,2
2022,ngu_van,3.17,15
2022,ngu_van,3.25,5523
2022,ngu_van,3.33,19
2022,ngu_van,3.38,1
2022,ngu_van,3.41,2
2022,ngu_van,3.42,27
2022,ngu_van,3.5,8170
2022,ngu_van,3.52,2
2022,ngu_van,3.56,1
2022,ngu_van,3.58,34
2022,ngu_van,3.6,2
2022,ngu_van,3.63,1
2022,ngu_van,3.66,7
2022,ngu_van,3.67,29
2022,ngu_van,3.68,1
2022,ngu_van,3.7,1
2022,ngu_van,3.73,1
2022,ngu_van,3.75,10039
2022,ngu_van,3.8,3
2022,ngu_van,3.83,37
2022,ngu_van,3.9,1
2022,ngu_van,3.91,8
2022,ngu_van,3.92,41
2022,ngu_van,4.0,14687
2022,ngu_van,4.03,1
2022,ngu_van,4.08,51
2022,ngu_van,4.1,5
2022,ngu_van,4.15,1
2022,ngu_van,4.16,9
2022,ngu_van,4.17,48
2022,ngu_van,4.2,2
2022,ngu_van,4.22,1
2022,ngu_van,4.23,1
2022,ngu_van,4.25,15974
2022,ngu_van,4.3,2
2022,ngu_van,4.32,1
2022,ngu_van,4.33,59
2022,ngu_van,4.4,1
2022,ngu_van,4.41,10
2022,ngu_van,4.42,58
2022,ngu_van,4.45,2
2022,ngu_van,4.5,22147
2022,ngu_van,4.55,1
2022,ngu_van,4.58,102
2022,ngu_van,4.59,2
2022,ngu_van,4.6,3
2022,ngu_van,4.61,1
2022,ngu_van,4.62,2
2022,ngu_van,4.65,1
2022,ngu_van,4.66,15
2022,ngu_van,4.67,88
2022,ngu_van,4.68,1
2022,ngu_van,4.7,2
2022,ngu_van,4.73,1
2022,ngu_van,4.75,21863
2022,ngu_van,4.8,2
2022,ngu_van,4.83,116
2022,ngu_van,4.9,1
2022,ngu_van,4.91,16
2022,ngu_van,4.92,99
2022,ngu_van,5.0,41985
2022,ngu_van,5.03,2
2022,ngu_van,5.07,1
2022,ngu_van,5.08,173
2022,ngu_van,5.09,1
2022,ngu_van,5.1,6
2022,ngu_van,5.11,1
2022,ngu_van,5.13,2
2022,ngu_van,5.15,2
2022,ngu_van,5.16,29
2022,ngu_van,5.17,151
2022,ngu_van,5.2,3
2022,ngu_van,5.23,1
2022,ngu_van,5.24,1
2022,ngu_van,5.25,38233
2022,ngu_van,5.3,18
2022,ngu_van,5.31,1
2022,ngu_van,5.32,2
2022,ngu_van,5.33,179
2022,ngu_van,5.4,6
2022,ngu_van,5.41,30
2022,ngu_van,5.42,178
2022,ngu_van,5.44,1
2022,ngu_van,5.45,2
2022,ngu_van,5.49,1
2022,ngu_van,5.5,50161
2022,ngu_van,5.55,3
2022,ngu_van,5.56,2
2022,ngu_van,5.58,236
2022,ngu_van,5.59,1
2022,ngu_van,5.6,9
2022,ngu_van,5.65,1
2022,ngu_van,5.66,39
2022,ngu_van,5.67,206
2022,ngu_van,5.68,1
2022,ngu_van,5.7,9
2022,ngu_van,5.73,4
2022,ngu_van,5.74,1
2022,ngu_van,5.75,51201
2022,ngu_van,5.76,1
2022,ngu_van,5.8,7
2022,ngu_van,5.81,1
2022,ngu_van,5.83,241
2022,ngu_van,5.85,1
2022,ngu_van,5.9,3
2022,ngu_van,5.91,35
2022,ngu_van,5.92,265
2022,ngu_van,6.0,67245
2022,ngu_van,6.02,1
2022,ngu_van,6.03,1
2022,ngu_van,6.05,1
2022,ngu_van,6.08,291
2022,ngu_van,6.09,1
2022,ngu_van,6.1,10
2022,ngu_van,6.11,1
2022,ngu_van,6.12,1
2022,ngu_van,6.13,1
2022,ngu_van,6.14,1
2022,ngu_van,6.16,54
2022,ngu_van,6.17,267
2022,ngu_van,6.18,2
2022,ngu_van,6.2,13
2022,ngu_van,6.22,1
2022,ngu_van,6.24,1
2022,ngu_van,6.25,61960
2022,ngu_van,6.3,19
2022,ngu_van,6.32,1
2022,ngu_van,6.33,323
2022,ngu_van,6.38,1
2022,ngu_van,6.4,5
2022,ngu_van,6.41,44
2022,ngu_van,6.42,282
2022,ngu_van,6.45,1
2022,ngu_van,6.47,2
2022,ngu_van,6.5,72888
2022,ngu_van,6.55,4
2022,ngu_van,6.58,314
2022,ngu_van,6.59,5
2022,ngu_van,6.6,13
2022,ngu_van,6.63,1
2022,ngu_van,6.65,2
2022,ngu_van,6.66,34
2022,ngu_van,6.67,296
2022,ngu_van,6.7,6
2022,ngu_van,6.73,2
2022,ngu_van,6.75,64576
2022,ngu_van,6.8,12
2022,ngu_van,6.81,1
2022,ngu_van,6.82,1
2022,ngu_van,6.83,312
2022,ngu_van,6.9,6
2022,ngu_van,6.91,41
2022,ngu_van,6.92,263
2022,ngu_van,6.98,1
2022,ngu_van,6.99,2
2022,ngu_van,7.0,74417
2022,ngu_van,7.02,2
2022,ngu_van,7.05,1
2022,ngu_van,7.07,1
2022,ngu_van,7.08,275
2022,ngu_van,7.1,10
2022,ngu_van,7.14,1
2022,ngu_van,7.15,2
2022,ngu_van,7.16,32
2022,ngu_van,7.17,235
2022,ngu_van,7.18,1
2022,ngu_van,7.2,3
2022,ngu_van,7.23,1
2022,ngu_van,7.25,57548
2022,ngu_van,7.3,9
2022,ngu_van,7.31,1
2022,ngu_van,7.32,1
2022,ngu_van,7.33,229
2022,ngu_van,7.34,2
2022,ngu_van,7.35,1
2022,ngu_van,7.4,4
2022,ngu_van,7.41,25
2022,ngu_van,7.42,182
2022,ngu_van,7.48,1
2022,ngu_van,7.5,63619
2022,ngu_van,7.56,1
2022,ngu_van,7.57,1
2022,ngu_van,7.58,177
2022,ngu_van,7.59,2
2022,ngu_van,7.6,12
2022,ngu_van,7.62,1
2022,ngu_van,7.66,18
2022,ngu_van,7.67,123
2022,ngu_van,7.7,4
2022,ngu_van,7.71,2
2022,ngu_van,7.73,2
2022,ngu_van,7.75,50921
2022,ngu_van,7.8,6
2022,ngu_van,7.82,1
2022,ngu_van,7.83,124
2022,ngu_van,7.84,1
2022,ngu_van,7.91,13
2022,ngu_van,7.92,74
2022,ngu_van,7.98,1
2022,ngu_van,8.0,52148
2022,ngu_van,8.08,67
2022,ngu_van,8.09,1
2022,ngu_van,8.1,2
2022,ngu_van,8.12,1
2022,ngu_van,8.16,8
2022,ngu_van,8.17,44
2022,ngu_van,8.2,1
2022,ngu_van,8.25,35604
2022,ngu_van,8.3,1
2022,ngu_van,8.33,22
2022,ngu_van,8.41,6
2022,ngu_van,8.42,19
2022,ngu_van,8.5,32726
2022,ngu_van,8.56,1
2022,ngu_van,8.58,10
2022,ngu_van,8.66,1
2022,ngu_van,8.67,7
2022,ngu_van,8.75,21740
2022,ngu_van,8.8,1
2022,ngu_van,8.83,4
2022,ngu_van,9.0,15555
2022,ngu_van,9.08,1
2022,ngu_van,9.17,1
2022,ngu_van,9.25,6094
2022,ngu_van,9.5,2326
2022,ngu_van,9.75,172
2022,ngu_van,10.0,5
2022,sinh_hoc,0.0,36
2022,sinh_hoc,0.5,5
2022,sinh_hoc,0.75,6
2022,sinh_hoc,1.0,45
2022,sinh_hoc,1.25,80
2022,sinh_hoc,1.5,244
2022,sinh_hoc,1.75,560
2022,sinh_hoc,2.0,1191
2022,sinh_hoc,2.25,2193
2022,sinh_hoc,2.5,3995
2022,sinh_hoc,2.75,6188
2022,sinh_hoc,3.0,9198
2022,sinh_hoc,3.25,12549
2022,sinh_hoc,3.5,16010
2022,sinh_hoc,3.75,19296
2022,sinh_hoc,4.0,21628
2022,sinh_hoc,4.25,22942
2022,sinh_hoc,4.5,24004
2022,sinh_hoc,4.75,23470
2022,sinh_hoc,5.0,22360
2022,sinh_hoc,5.25,20200
2022,sinh_hoc,5.5,18423
2022,sinh_hoc,5.75,16094
2022,sinh_hoc,6.0,13956
2022,sinh_hoc,6.25,11701
2022,sinh_hoc,6.5,9799
2022,sinh_hoc,6.75,8466
2022,sinh_hoc,7.0,7063
2022,sinh_hoc,7.25,5942
2022,sinh_hoc,7.5,5159
2022,sinh_hoc,7.75,4606
2022,sinh_hoc,8.0,4062
2022,sinh_hoc,8.25,3566
2022,sinh_hoc,8.5,2906
2022,sinh_hoc,8.75,2096
2022,sinh_hoc,9.0,1243
2022,sinh_hoc,9.25,622
2022,sinh_hoc,9.5,235
2022,sinh_hoc,9.75,54
2022,sinh_hoc,10.0,5
2022,toan,0.0,3
2022,toan,0.2,1
2022,toan,0.4,3
2022,toan,0.6,6
2022,toan,0.8,42
2022,toan,1.0,109
2022,toan,1.2,260
2022,toan,1.4,568
2022,toan,1.6,1129
2022,toan,1.8,1980
2022,toan,2.0,3123
2022,toan,2.2,4373
2022,toan,2.4,5965
2022,toan,2.6,7207
2022,toan,2.8,8533
2022,toan,3.0,9661
2022,toan,3.2,10724
2022,toan,3.4,11981
2022,toan,3.6,13066
2022,toan,3.8,14265
2022,toan,4.0,15359
2022,toan,4.2,16898
2022,toan,4.4,18528
2022,toan,4.6,20204
2022,toan,4.8,22232
2022,toan,5.0,23712
2022,toan,5.2,25704
2022,toan,5.4,27651
2022,toan,5.6,29634
2022,toan,5.8,31292
2022,toan,6.0,33409
2022,toan,6.2,35357
2022,toan,6.4,37964
2022,toan,6.6,40132
2022,toan,6.8,42732
2022,toan,7.0,45808
2022,toan,7.2,48716
2022,toan,7.4,51490
2022,toan,7.6,53693
2022,toan,7.8,54495
2022,toan,8.0,52273
2022,toan,8.2,48222
2022,toan,8.4,40654
2022,toan,8.6,31021
2022,toan,8.8,20796
2022,toan,9.0,12095
2022,toan,9.2,5915
2022,toan,9.4,2540
2022,toan,9.6,926
2022,toan,9.8,240
2022,toan,10.0,35
2022,vat_li,0.0,10
2022,vat_li,0.75,1
2022,vat_li,1.0,11
2022,vat_li,1.25,24
2022,vat_li,1.5,71
2022,vat_li,1.75,138
2022,vat_li,2.0,241
2022,vat_li,2.25,388
2022,vat_li,2.5,645
2022,vat_li,2.75,1029
2022,vat_li,3.0,1526
2022,vat_li,3.25,2031
2022,vat_li,3.5,2818
2022,vat_li,3.75,3581
2022,vat_li,4.0,4613
2022,vat_li,4.25,5661
2022,vat_li,4.5,7005
2022,vat_li,4.75,8252
2022,vat_li,5.0,9549
2022,vat_li,5.25,11160
2022,vat_li,5.5,12696
2022,vat_li,5.75,14556
2022,vat_li,6.0,16355
2022,vat_li,6.25,17962
2022,vat_li,6.5,19475
2022,vat_li,6.75,21240
2022,vat_li,7.0,22546
2022,vat_li,7.25,23162
2022,vat_li,7.5,22883
2022,vat_li,7.75,21849
2022,vat_li,8.0,19664
2022,vat_li,8.25,16373
2022,vat_li,8.5,13432
2022,vat_li,8.75,10232
2022,vat_li,9.0,7192
2022,vat_li,9.25,4278
2022,vat_li,9.5,2012
2022,vat_li,9.75,708
2022,vat_li,10.0,154
2023,dia_li,0.0,80
2023,dia_li,0.5,2
2023,dia_li,0.75,10
2023,dia_li,1.0,20
2023,dia_li,1.25,35
2023,dia_li,1.5,68
2023,dia_li,1.75,151
2023,dia_li,2.0,285
2023,dia_li,2.25,514
2023,dia_li,2.5,873
2023,dia_li,2.75,1350
2023,dia_li,3.0,2120
2023,dia_li,3.25,3214
2023,dia_li,3.5,4693
2023,dia_li,3.75,7094
2023,dia_li,4.0,10230
2023,dia_li,4.25,14417
2023,dia_li,4.5,19760
2023,dia_li,4.75,26157
2023,dia_li,5.0,33417
2023,dia_li,5.25,41583
2023,dia_li,5.5,49235
2023,dia_li,5.75,55449
2023,dia_li,6.0,59360
2023,dia_li,6.25,60795
2023,dia_li,6.5,58418
2023,dia_li,6.75,53029
2023,dia_li,7.0,45992
2023,dia_li,7.25,37319
2023,dia_li,7.5,29288
2023,dia_li,7.75,21874
2023,dia_li,8.0,15806
2023,dia_li,8.25,11035
2023,dia_li,8.5,7564
2023,dia_li,8.75,4964
2023,dia_li,9.0,3108
2023,dia_li,9.25,1706
2023,dia_li,9.5,825
2023,dia_li,9.75,259
2023,dia_li,10.0,35
2023,gdcd,0.0,22
2023,gdcd,0.25,1
2023,gdcd,0.75,1
2023,gdcd,1.0,2
2023,gdcd,1.25,6
2023,gdcd,1.5,8
2023,gdcd,1.75,17
2023,gdcd,2.0,31
2023,gdcd,2.25,35
2023,gdcd,2.5,59
2023,gdcd,2.75,99
2023,gdcd,3.0,125
2023,gdcd,3.25,196
2023,gdcd,3.5,293
2023,gdcd,3.75,431
2023,gdcd,4.0,622
2023,gdcd,4.25,766
2023,gdcd,4.5,1196
2023,gdcd,4.75,1582
2023,gdcd,5.0,2227
2023,gdcd,5.25,3035
2023,gdcd,5.5,4065
2023,gdcd,5.75,5391
2023,gdcd,6.0,7264
2023,gdcd,6.25,9510
2023,gdcd,6.5,12527
2023,gdcd,6.75,15781
2023,gdcd,7.0,20068
2023,gdcd,7.25,24845
2023,gdcd,7.5,29864
2023,gdcd,7.75,35477
2023,gdcd,8.0,40580
2023,gdcd,8.25,45798
2023,gdcd,8.5,49976
2023,gdcd,8.75,53083
2023,gdcd,9.0,54610
2023,gdcd,9.25,52498
2023,gdcd,9.5,45557
2023,gdcd,9.75,33111
2023,gdcd,10.0,14693
2023,hoa_hoc,0.0,3
2023,hoa_hoc,0.75,1
2023,hoa_hoc,1.0,10
2023,hoa_hoc,1.25,25
2023,hoa_hoc,1.5,78
2023,hoa_hoc,1.75,149
2023,hoa_hoc,2.0,280
2023,hoa_hoc,2.25,439
2023,hoa_hoc,2.5,721
2023,hoa_hoc,2.75,1064
2023,hoa_hoc,3.0,1663
2023,hoa_hoc,3.25,2229
2023,hoa_hoc,3.5,2981
2023,hoa_hoc,3.75,3722
2023,hoa_hoc,4.0,4750
2023,hoa_hoc,4.25,5738
2023,hoa_hoc,4.5,6699
2023,hoa_hoc,4.75,7824
2023,hoa_hoc,5.0,9071
2023,hoa_hoc,5.25,10056
2023,hoa_hoc,5.5,11680
2023,hoa_hoc,5.75,13427
2023,hoa_hoc,6.0,14936
2023,hoa_hoc,6.25,17076
2023,hoa_hoc,6.5,19137
2023,hoa_hoc,6.75,21434
2023,hoa_hoc,7.0,23451
2023,hoa_hoc,7.25,24895
2023,hoa_hoc,7.5,25487
2023,hoa_hoc,7.75,24708
2023,hoa_hoc,8.0,22206
2023,hoa_hoc,8.25,18181
2023,hoa_hoc,8.5,13589
2023,hoa_hoc,8.75,9170
2023,hoa_hoc,9.0,5622
2023,hoa_hoc,9.25,3276
2023,hoa_hoc,9.5,1610
2023,hoa_hoc,9.75,593
2023,hoa_hoc,10.0,137
2023,lich_su,0.0,5
2023,lich_su,0.25,2
2023,lich_su,0.5,2
2023,lich_su,0.75,4
2023,lich_su,1.0,25
2023,lich_su,1.25,79
2023,lich_su,1.5,153
2023,lich_su,1.75,373
2023,lich_su,2.0,769
2023,lich_su,2.25,1516
2023,lich_su,2.5,2630
2023,lich_su,2.75,4257
2023,lich_su,3.0,6693
2023,lich_su,3.25,9785
2023,lich_su,3.5,13436
2023,lich_su,3.75,17448
2023,lich_su,4.0,22203
2023,lich_su,4.25,26527
2023,lich_su,4.5,30462
2023,lich_su,4.75,33868
2023,lich_su,5.0,36301
2023,lich_su,5.25,37987
2023,lich_su,5.5,38921
2023,lich_su,5.75,39085
2023,lich_su,6.0,38903
2023,lich_su,6.25,38519
2023,lich_su,6.5,37167
2023,lich_su,6.75,35826
2023,lich_su,7.0,33971
2023,lich_su,7.25,31691
2023,lich_su,7.5,29288
2023,lich_su,7.75,26220
2023,lich_su,8.0,22820
2023,lich_su,8.25,18967
2023,lich_su,8.5,15018
2023,lich_su,8.75,11590
2023,lich_su,9.0,8267
2023,lich_su,9.25,5776
2023,lich_su,9.5,3827
2023,lich_su,9.75,2277
2023,lich_su,10.0,789
2023,ngoai_ngu,0.0,6
2023,ngoai_ngu,0.2,1
2023,ngoai_ngu,0.6,12
2023,ngoai_ngu,0.8,38
2023,ngoai_ngu,1.0,135
2023,ngoai_ngu,1.2,363
2023,ngoai_ngu,1.4,1024
2023,ngoai_ngu,1.6,1968
2023,ngoai_ngu,1.8,3422
2023,ngoai_ngu,2.0,5874
2023,ngoai_ngu,2.2,8754
2023,ngoai_ngu,2.4,12449
2023,ngoai_ngu,2.6,16646
2023,ngoai_ngu,2.8,20794
2023,ngoai_ngu,3.0,24284
2023,ngoai_ngu,3.2,27456
2023,ngoai_ngu,3.4,30158
2023,ngoai_ngu,3.6,32472
2023,ngoai_ngu,3.8,34005
2023,ngoai_ngu,4.0,34469
2023,ngoai_ngu,4.2,35525
2023,ngoai_ngu,4.4,35085
2023,ngoai_ngu,4.6,34927
2023,ngoai_ngu,4.8,33826
2023,ngoai_ngu,5.0,32945
2023,ngoai_ngu,5.2,31195
2023,ngoai_ngu,5.4,29592
2023,ngoai_ngu,5.6,28010
2023,ngoai_ngu,5.8,26636
2023,ngoai_ngu,6.0,24870
2023,ngoai_ngu,6.2,23748
2023,ngoai_ngu,6.4,22229
2023,ngoai_ngu,6.6,21334
2023,ngoai_ngu,6.8,20413
2023,ngoai_ngu,7.0,19288
2023,ngoai_ngu,7.2,19131
2023,ngoai_ngu,7.4,18288
2023,ngoai_ngu,7.6,18102
2023,ngoai_ngu,7.8,17749
2023,ngoai_ngu,8.0,17401
2023,ngoai_ngu,8.2,17705
2023,ngoai_ngu,8.4,17211
2023,ngoai_ngu,8.6,17341
2023,ngoai_ngu,8.8,16744
2023,ngoai_ngu,9.0,15477
2023,ngoai_ngu,9.2,13482
2023,ngoai_ngu,9.4,9857
2023,ngoai_ngu,9.6,5648
2023,ngoai_ngu,9.8,2353
2023,ngoai_ngu,10.0,555
2023,ngu_van,0.0,24
2023,ngu_van,0.25,8
2023,ngu_van,0.5,19
2023,ngu_van,0.75,29
2023,ngu_van,1.0,12
2023,ngu_van,1.25,236
2023,ngu_van,1.5,322
2023,ngu_van,1.75,359
2023,ngu_van,1.91,1
2023,ngu_van,2.0,701
2023,ngu_van,2.25,896
2023,ngu_van,2.33,1
2023,ngu_van,2.42,1
2023,ngu_van,2.5,1262
2023,ngu_van,2.58,2
2023,ngu_van,2.66,1
2023,ngu_van,2.67,2
2023,ngu_van,2.75,1717
2023,ngu_van,2.8,1
2023,ngu_van,2.83,4
2023,ngu_van,2.92,1
2023,ngu_van,3.0,2707
2023,ngu_van,3.08,4
2023,ngu_van,3.13,1
2023,ngu_van,3.14,1
2023,ngu_van,3.17,3
2023,ngu_van,3.25,3376
2023,ngu_van,3.33,6
2023,ngu_van,3.41,2
2023,ngu_van,3.42,3
2023,ngu_van,3.5,5131
2023,ngu_van,3.58,7
2023,ngu_van,3.63,1
2023,ngu_van,3.66,1
2023,ngu_van,3.67,6
2023,ngu_van,3.75,6455
2023,ngu_van,3.83,16
2023,ngu_van,3.91,2
2023,ngu_van,3.92,14
2023,ngu_van,4.0,9353
2023,ngu_van,4.08,20
2023,ngu_van,4.1,1
2023,ngu_van,4.16,2
2023,ngu_van,4.17,21
2023,ngu_van,4.2,1
2023,ngu_van,4.24,1
2023,ngu_van,4.25,10887
2023,ngu_van,4.3,3
2023,ngu_van,4.33,20
2023,ngu_van,4.41,2
2023,ngu_van,4.42,20
2023,ngu_van,4.5,14848
2023,ngu_van,4.55,2
2023,ngu_van,4.58,28
2023,ngu_van,4.59,1
2023,ngu_van,4.6,2
2023,ngu_van,4.66,7
2023,ngu_van,4.67,17
2023,ngu_van,4.7,4
2023,ngu_van,4.74,1
2023,ngu_van,4.75,14991
2023,ngu_van,4.8,2
2023,ngu_van,4.83,52
2023,ngu_van,4.87,1
2023,ngu_van,4.9,1
2023,ngu_van,4.91,4
2023,ngu_van,4.92,27
2023,ngu_van,4.93,2
2023,ngu_van,5.0,30270
2023,ngu_van,5.08,50
2023,ngu_van,5.1,1
2023,ngu_van,5.12,1
2023,ngu_van,5.15,1
2023,ngu_van,5.16,11
2023,ngu_van,5.17,42
2023,ngu_van,5.18,1
2023,ngu_van,5.2,4
2023,ngu_van,5.25,29328
2023,ngu_van,5.3,5
2023,ngu_van,5.33,83
2023,ngu_van,5.4,1
2023,ngu_van,5.41,20
2023,ngu_van,5.42,63
2023,ngu_van,5.5,39931
2023,ngu_van,5.55,2
2023,ngu_van,5.58,97
2023,ngu_van,5.59,1
2023,ngu_van,5.6,7
2023,ngu_van,5.63,1
2023,ngu_van,5.66,18
2023,ngu_van,5.67,84
2023,ngu_van,5.7,4
2023,ngu_van,5.71,1
2023,ngu_van,5.75,44093
2023,ngu_van,5.8,6
2023,ngu_van,5.81,1
2023,ngu_van,5.83,112
2023,ngu_van,5.85,1
2023,ngu_van,5.9,2
2023,ngu_van,5.91,24
2023,ngu_van,5.92,90
2023,ngu_van,6.0,59104
2023,ngu_van,6.01,1
2023,ngu_van,6.02,1
2023,ngu_van,6.05,2
2023,ngu_van,6.07,1
2023,ngu_van,6.08,150
2023,ngu_van,6.1,8
2023,ngu_van,6.15,2
2023,ngu_van,6.16,23
2023,ngu_van,6.17,142
2023,ngu_van,6.2,6
2023,ngu_van,6.21,1
2023,ngu_van,6.24,1
2023,ngu_van,6.25,59235
2023,ngu_van,6.3,13
2023,ngu_van,6.32,1
2023,ngu_van,6.33,172
2023,ngu_van,6.35,1
2023,ngu_van,6.4,6
2023,ngu_van,6.41,32
2023,ngu_van,6.42,151
2023,ngu_van,6.43,3
2023,ngu_van,6.46,1
2023,ngu_van,6.48,1
2023,ngu_van,6.5,71760
2023,ngu_van,6.51,1
2023,ngu_van,6.54,1
2023,ngu_van,6.58,170
2023,ngu_van,6.59,1
2023,ngu_van,6.6,5
2023,ngu_van,6.66,23
2023,ngu_van,6.67,157
2023,ngu_van,6.68,3
2023,ngu_van,6.7,5
2023,ngu_van,6.73,2
2023,ngu_van,6.75,68492
2023,ngu_van,6.8,6
2023,ngu_van,6.81,1
2023,ngu_van,6.82,1
2023,ngu_van,6.83,204
2023,ngu_van,6.84,1
2023,ngu_van,6.85,1
2023,ngu_van,6.9,6
2023,ngu_van,6.91,30
2023,ngu_van,6.92,157
2023,ngu_van,7.0,78772
2023,ngu_van,7.02,1
2023,ngu_van,7.03,2
2023,ngu_van,7.05,1
2023,ngu_van,7.06,1
2023,ngu_van,7.08,165
2023,ngu_van,7.1,7
2023,ngu_van,7.12,1
2023,ngu_van,7.15,1
2023,ngu_van,7.16,29
2023,ngu_van,7.17,176
2023,ngu_van,7.18,2
2023,ngu_van,7.2,4
2023,ngu_van,7.22,1
2023,ngu_van,7.24,1
2023,ngu_van,7.25,66956
2023,ngu_van,7.26,1
2023,ngu_van,7.3,13
2023,ngu_van,7.31,2
2023,ngu_van,7.33,175
2023,ngu_van,7.35,2
2023,ngu_van,7.4,2
2023,ngu_van,7.41,16
2023,ngu_van,7.42,127
2023,ngu_van,7.45,1
2023,ngu_van,7.5,73541
2023,ngu_van,7.52,1
2023,ngu_van,7.55,2
2023,ngu_van,7.56,1
2023,ngu_van,7.58,139
2023,ngu_van,7.59,1
2023,ngu_van,7.6,3
2023,ngu_van,7.66,22
2023,ngu_van,7.67,109
2023,ngu_van,7.7,2
2023,ngu_van,7.75,63440
2023,ngu_van,7.8,5
2023,ngu_van,7.83,101
2023,ngu_van,7.9,4
2023,ngu_van,7.91,8
2023,ngu_van,7.92,69
2023,ngu_van,7.95,1
2023,ngu_van,8.0,67519
2023,ngu_van,8.08,61
2023,ngu_van,8.1,2
2023,ngu_van,8.16,4
2023,ngu_van,8.17,39
2023,ngu_van,8.2,4
2023,ngu_van,8.25,50780
2023,ngu_van,8.3,1
2023,ngu_van,8.33,36
2023,ngu_van,8.41,8
2023,ngu_van,8.42,23
2023,ngu_van,8.5,48830
2023,ngu_van,8.58,13
2023,ngu_van,8.63,1
2023,ngu_van,8.66,2
2023,ngu_van,8.67,9
2023,ngu_van,8.75,35512
2023,ngu_van,8.8,1
2023,ngu_van,8.83,2
2023,ngu_van,8.91,1
2023,ngu_van,8.92,2
2023,ngu_van,9.0,26203
2023,ngu_van,9.08,3
2023,ngu_van,9.25,12073
2023,ngu_van,9.5,4661
2023,ngu_van,9.75,443
2023,ngu_van,10.0,1
2023,sinh_hoc,0.0,19
2023,sinh_hoc,0.25,1
2023,sinh_hoc,0.5,1
2023,sinh_hoc,0.75,2
2023,sinh_hoc,1.0,13
2023,sinh_hoc,1.25,15
2023,sinh_hoc,1.5,42
2023,sinh_hoc,1.75,78
2023,sinh_hoc,2.0,118
2023,sinh_hoc,2.25,171
2023,sinh_hoc,2.5,297
2023,sinh_hoc,2.75,465
2023,sinh_hoc,3.0,709
2023,sinh_hoc,3.25,1077
2023,sinh_hoc,3.5,1740
2023,sinh_hoc,3.75,2527
2023,sinh_hoc,4.0,3748
2023,sinh_hoc,4.25,5306
2023,sinh_hoc,4.5,7462
2023,sinh_hoc,4.75,9963
2023,sinh_hoc,5.0,13053
2023,sinh_hoc,5.25,16145
2023,sinh_hoc,5.5,19307
2023,sinh_hoc,5.75,22602
2023,sinh_hoc,6.0,25243
2023,sinh_hoc,6.25,26677
2023,sinh_hoc,6.5,27268
2023,sinh_hoc,6.75,26755
2023,sinh_hoc,7.0,24468
2023,sinh_hoc,7.25,21946
2023,sinh_hoc,7.5,18487
2023,sinh_hoc,7.75,14606
2023,sinh_hoc,8.0,11244
2023,sinh_hoc,8.25,8048
2023,sinh_hoc,8.5,5739
2023,sinh_hoc,8.75,3832
2023,sinh_hoc,9.0,2470
2023,sinh_hoc,9.25,1526
2023,sinh_hoc,9.5,888
2023,sinh_hoc,9.75,432
2023,sinh_hoc,10.0,135
2023,toan,0.0,2
2023,toan,0.2,1
2023,toan,0.4,2
2023,toan,0.6,4
2023,toan,0.8,32
2023,toan,1.0,82
2023,toan,1.2,248
2023,toan,1.4,539
2023,toan,1.6,1055
2023,toan,1.8,1928
2023,toan,2.0,3084
2023,toan,2.2,4498
2023,toan,2.4,6266
2023,toan,2.6,8310
2023,toan,2.8,10049
2023,toan,3.0,11499
2023,toan,3.2,13224
2023,toan,3.4,14581
2023,toan,3.6,15839
2023,toan,3.8,17023
2023,toan,4.0,18705
2023,toan,4.2,20121
2023,toan,4.4,21769
2023,toan,4.6,23146
2023,toan,4.8,25087
2023,toan,5.0,26667
2023,toan,5.2,28490
2023,toan,5.4,30648
2023,toan,5.6,32351
2023,toan,5.8,34652
2023,toan,6.0,37100
2023,toan,6.2,39299
2023,toan,6.4,41586
2023,toan,6.6,44705
2023,toan,6.8,47231
2023,toan,7.0,51245
2023,toan,7.2,54069
2023,toan,7.4,56130
2023,toan,7.6,56640
2023,toan,7.8,53308
2023,toan,8.0,47380
2023,toan,8.2,37744
2023,toan,8.4,27537
2023,toan,8.6,18534
2023,toan,8.8,10923
2023,toan,9.0,5850
2023,toan,9.2,2672
2023,toan,9.4,1080
2023,toan,9.6,337
2023,toan,9.8,89
2023,toan,10.0,12
2023,vat_li,0.0,10
2023,vat_li,0.25,1
2023,vat_li,0.5,2
2023,vat_li,0.75,2
2023,vat_li,1.0,8
2023,vat_li,1.25,15
2023,vat_li,1.5,59
2023,vat_li,1.75,130
2023,vat_li,2.0,254
2023,vat_li,2.25,429
2023,vat_li,2.5,805
2023,vat_li,2.75,1229
2023,vat_li,3.0,1776
2023,vat_li,3.25,2789
2023,vat_li,3.5,3672
2023,vat_li,3.75,4852
2023,vat_li,4.0,6019
2023,vat_li,4.25,7419
2023,vat_li,4.5,8771
2023,vat_li,4.75,10138
2023,vat_li,5.0,11317
2023,vat_li,5.25,12664
2023,vat_li,5.5,13693
2023,vat_li,5.75,15147
2023,vat_li,6.0,16259
2023,vat_li,6.25,17447
2023,vat_li,6.5,18523
2023,vat_li,6.75,19523
2023,vat_li,7.0,20599
2023,vat_li,7.25,21129
2023,vat_li,7.5,21554
2023,vat_li,7.75,21207
2023,vat_li,8.0,19844
2023,vat_li,8.25,17351
2023,vat_li,8.5,13561
2023,vat_li,8.75,9287
2023,vat_li,9.0,5308
2023,vat_li,9.25,2822
2023,vat_li,9.5,1136
2023,vat_li,9.75,368
2023,vat_li,10.0,70
